<?xml version="1.0" encoding="UTF-8"?>
<project-private xmlns="http://www.netbeans.org/ns/project-private/1">
    <editor-bookmarks xmlns="http://www.netbeans.org/ns/editor-bookmarks/2" lastBookmarkId="0"/>
    <open-files xmlns="http://www.netbeans.org/ns/projectui-open-files/2">
        <group>
            <file>file:/C:/Users/Jose/Documents/GitHub/DAD/javaFX/RecetasFX/src/recetasfx/controlador/DashboardPrincipalController.java</file>
            <file>file:/C:/Users/Jose/Documents/GitHub/DAD/javaFX/RecetasFX/src/recetasfx/controlador/EstadisticasController.java</file>
            <file>file:/C:/Users/Jose/Documents/GitHub/DAD/javaFX/RecetasFX/src/recetasfx/controlador/LoginController.java</file>
            <file>file:/C:/Users/Jose/Documents/GitHub/DAD/javaFX/RecetasFX/src/recetasfx/vista/EstadisticasMenu.fxml</file>
            <file>file:/C:/Users/Jose/Documents/GitHub/DAD/javaFX/RecetasFX/src/recetasfx/controlador/HomeController.java</file>
            <file>file:/C:/Users/Jose/Documents/GitHub/DAD/javaFX/RecetasFX/src/recetasfx/controlador/GestionUsuariosController.java</file>
            <file>file:/C:/Users/Jose/Documents/GitHub/DAD/javaFX/RecetasFX/src/recetasfx/vista/Login.fxml</file>
        </group>
    </open-files>
</project-private>
